"GEO_ID","NAME","B25085_001E","B25085_001M","B25085_002E","B25085_002M","B25085_003E","B25085_003M","B25085_004E","B25085_004M","B25085_005E","B25085_005M","B25085_006E","B25085_006M","B25085_007E","B25085_007M","B25085_008E","B25085_008M","B25085_009E","B25085_009M","B25085_010E","B25085_010M","B25085_011E","B25085_011M","B25085_012E","B25085_012M","B25085_013E","B25085_013M","B25085_014E","B25085_014M","B25085_015E","B25085_015M","B25085_016E","B25085_016M","B25085_017E","B25085_017M","B25085_018E","B25085_018M","B25085_019E","B25085_019M","B25085_020E","B25085_020M","B25085_021E","B25085_021M","B25085_022E","B25085_022M","B25085_023E","B25085_023M","B25085_024E","B25085_024M","B25085_025E","B25085_025M","B25085_026E","B25085_026M","B25085_027E","B25085_027M"
"id","Geographic Area Name","Estimate!!Total:","Margin of Error!!Total:","Estimate!!Total:!!Less than $10,000","Margin of Error!!Total:!!Less than $10,000","Estimate!!Total:!!$10,000 to $14,999","Margin of Error!!Total:!!$10,000 to $14,999","Estimate!!Total:!!$15,000 to $19,999","Margin of Error!!Total:!!$15,000 to $19,999","Estimate!!Total:!!$20,000 to $24,999","Margin of Error!!Total:!!$20,000 to $24,999","Estimate!!Total:!!$25,000 to $29,999","Margin of Error!!Total:!!$25,000 to $29,999","Estimate!!Total:!!$30,000 to $34,999","Margin of Error!!Total:!!$30,000 to $34,999","Estimate!!Total:!!$35,000 to $39,999","Margin of Error!!Total:!!$35,000 to $39,999","Estimate!!Total:!!$40,000 to $49,999","Margin of Error!!Total:!!$40,000 to $49,999","Estimate!!Total:!!$50,000 to $59,999","Margin of Error!!Total:!!$50,000 to $59,999","Estimate!!Total:!!$60,000 to $69,999","Margin of Error!!Total:!!$60,000 to $69,999","Estimate!!Total:!!$70,000 to $79,999","Margin of Error!!Total:!!$70,000 to $79,999","Estimate!!Total:!!$80,000 to $89,999","Margin of Error!!Total:!!$80,000 to $89,999","Estimate!!Total:!!$90,000 to $99,999","Margin of Error!!Total:!!$90,000 to $99,999","Estimate!!Total:!!$100,000 to $124,999","Margin of Error!!Total:!!$100,000 to $124,999","Estimate!!Total:!!$125,000 to $149,999","Margin of Error!!Total:!!$125,000 to $149,999","Estimate!!Total:!!$150,000 to $174,999","Margin of Error!!Total:!!$150,000 to $174,999","Estimate!!Total:!!$175,000 to $199,999","Margin of Error!!Total:!!$175,000 to $199,999","Estimate!!Total:!!$200,000 to $249,999","Margin of Error!!Total:!!$200,000 to $249,999","Estimate!!Total:!!$250,000 to $299,999","Margin of Error!!Total:!!$250,000 to $299,999","Estimate!!Total:!!$300,000 to $399,999","Margin of Error!!Total:!!$300,000 to $399,999","Estimate!!Total:!!$400,000 to $499,999","Margin of Error!!Total:!!$400,000 to $499,999","Estimate!!Total:!!$500,000 to $749,999","Margin of Error!!Total:!!$500,000 to $749,999","Estimate!!Total:!!$750,000 to $999,999","Margin of Error!!Total:!!$750,000 to $999,999","Estimate!!Total:!!$1,000,000 to $1,499,999","Margin of Error!!Total:!!$1,000,000 to $1,499,999","Estimate!!Total:!!$1,500,000 to $1,999,999","Margin of Error!!Total:!!$1,500,000 to $1,999,999","Estimate!!Total:!!$2,000,000 or more","Margin of Error!!Total:!!$2,000,000 or more"
"1500000US370630001011","Block Group 1, Census Tract 1.01, Durham County, North Carolina","0","12","0","12","0","12","0","12","0","12","0","12","0","12","0","12","0","12","0","12","0","12","0","12","0","12","0","12","0","12","0","12","0","12","0","12","0","12","0","12","0","12","0","12","0","12","0","12","0","12","0","12","0","12"
"1500000US370630001012","Block Group 2, Census Tract 1.01, Durham County, North Carolina","57","58","0","12","0","12","0","12","0","12","0","12","0","12","0","12","0","12","0","12","0","12","0","12","0","12","0","12","0","12","0","12","28","44","0","12","0","12","0","12","0","12","29","43","0","12","0","12","0","12","0","12","0","12"
"1500000US370630001021","Block Group 1, Census Tract 1.02, Durham County, North Carolina","9","14","0","12","0","12","0","12","0","12","0","12","0","12","0","12","0","12","0","12","0","12","0","12","0","12","0","12","0","12","0","12","0","12","0","12","9","14","0","12","0","12","0","12","0","12","0","12","0","12","0","12","0","12"
"1500000US370630001022","Block Group 2, Census Tract 1.02, Durham County, North Carolina","0","12","0","12","0","12","0","12","0","12","0","12","0","12","0","12","0","12","0","12","0","12","0","12","0","12","0","12","0","12","0","12","0","12","0","12","0","12","0","12","0","12","0","12","0","12","0","12","0","12","0","12","0","12"
"1500000US370630002001","Block Group 1, Census Tract 2, Durham County, North Carolina","0","12","0","12","0","12","0","12","0","12","0","12","0","12","0","12","0","12","0","12","0","12","0","12","0","12","0","12","0","12","0","12","0","12","0","12","0","12","0","12","0","12","0","12","0","12","0","12","0","12","0","12","0","12"
"1500000US370630002002","Block Group 2, Census Tract 2, Durham County, North Carolina","0","12","0","12","0","12","0","12","0","12","0","12","0","12","0","12","0","12","0","12","0","12","0","12","0","12","0","12","0","12","0","12","0","12","0","12","0","12","0","12","0","12","0","12","0","12","0","12","0","12","0","12","0","12"
"1500000US370630002003","Block Group 3, Census Tract 2, Durham County, North Carolina","0","12","0","12","0","12","0","12","0","12","0","12","0","12","0","12","0","12","0","12","0","12","0","12","0","12","0","12","0","12","0","12","0","12","0","12","0","12","0","12","0","12","0","12","0","12","0","12","0","12","0","12","0","12"
"1500000US370630003011","Block Group 1, Census Tract 3.01, Durham County, North Carolina","0","12","0","12","0","12","0","12","0","12","0","12","0","12","0","12","0","12","0","12","0","12","0","12","0","12","0","12","0","12","0","12","0","12","0","12","0","12","0","12","0","12","0","12","0","12","0","12","0","12","0","12","0","12"
"1500000US370630003012","Block Group 2, Census Tract 3.01, Durham County, North Carolina","0","12","0","12","0","12","0","12","0","12","0","12","0","12","0","12","0","12","0","12","0","12","0","12","0","12","0","12","0","12","0","12","0","12","0","12","0","12","0","12","0","12","0","12","0","12","0","12","0","12","0","12","0","12"
"1500000US370630003013","Block Group 3, Census Tract 3.01, Durham County, North Carolina","0","12","0","12","0","12","0","12","0","12","0","12","0","12","0","12","0","12","0","12","0","12","0","12","0","12","0","12","0","12","0","12","0","12","0","12","0","12","0","12","0","12","0","12","0","12","0","12","0","12","0","12","0","12"
"1500000US370630003021","Block Group 1, Census Tract 3.02, Durham County, North Carolina","0","12","0","12","0","12","0","12","0","12","0","12","0","12","0","12","0","12","0","12","0","12","0","12","0","12","0","12","0","12","0","12","0","12","0","12","0","12","0","12","0","12","0","12","0","12","0","12","0","12","0","12","0","12"
"1500000US370630003022","Block Group 2, Census Tract 3.02, Durham County, North Carolina","34","53","0","12","0","12","0","12","0","12","0","12","0","12","0","12","0","12","0","12","0","12","0","12","0","12","0","12","0","12","0","12","0","12","0","12","0","12","0","12","0","12","0","12","34","53","0","12","0","12","0","12","0","12"
"1500000US370630003023","Block Group 3, Census Tract 3.02, Durham County, North Carolina","0","12","0","12","0","12","0","12","0","12","0","12","0","12","0","12","0","12","0","12","0","12","0","12","0","12","0","12","0","12","0","12","0","12","0","12","0","12","0","12","0","12","0","12","0","12","0","12","0","12","0","12","0","12"
"1500000US370630004011","Block Group 1, Census Tract 4.01, Durham County, North Carolina","0","12","0","12","0","12","0","12","0","12","0","12","0","12","0","12","0","12","0","12","0","12","0","12","0","12","0","12","0","12","0","12","0","12","0","12","0","12","0","12","0","12","0","12","0","12","0","12","0","12","0","12","0","12"
"1500000US370630004012","Block Group 2, Census Tract 4.01, Durham County, North Carolina","0","12","0","12","0","12","0","12","0","12","0","12","0","12","0","12","0","12","0","12","0","12","0","12","0","12","0","12","0","12","0","12","0","12","0","12","0","12","0","12","0","12","0","12","0","12","0","12","0","12","0","12","0","12"
"1500000US370630004013","Block Group 3, Census Tract 4.01, Durham County, North Carolina","0","12","0","12","0","12","0","12","0","12","0","12","0","12","0","12","0","12","0","12","0","12","0","12","0","12","0","12","0","12","0","12","0","12","0","12","0","12","0","12","0","12","0","12","0","12","0","12","0","12","0","12","0","12"
"1500000US370630004021","Block Group 1, Census Tract 4.02, Durham County, North Carolina","0","12","0","12","0","12","0","12","0","12","0","12","0","12","0","12","0","12","0","12","0","12","0","12","0","12","0","12","0","12","0","12","0","12","0","12","0","12","0","12","0","12","0","12","0","12","0","12","0","12","0","12","0","12"
"1500000US370630005001","Block Group 1, Census Tract 5, Durham County, North Carolina","0","12","0","12","0","12","0","12","0","12","0","12","0","12","0","12","0","12","0","12","0","12","0","12","0","12","0","12","0","12","0","12","0","12","0","12","0","12","0","12","0","12","0","12","0","12","0","12","0","12","0","12","0","12"
"1500000US370630005002","Block Group 2, Census Tract 5, Durham County, North Carolina","0","12","0","12","0","12","0","12","0","12","0","12","0","12","0","12","0","12","0","12","0","12","0","12","0","12","0","12","0","12","0","12","0","12","0","12","0","12","0","12","0","12","0","12","0","12","0","12","0","12","0","12","0","12"
"1500000US370630005003","Block Group 3, Census Tract 5, Durham County, North Carolina","0","12","0","12","0","12","0","12","0","12","0","12","0","12","0","12","0","12","0","12","0","12","0","12","0","12","0","12","0","12","0","12","0","12","0","12","0","12","0","12","0","12","0","12","0","12","0","12","0","12","0","12","0","12"
"1500000US370630005004","Block Group 4, Census Tract 5, Durham County, North Carolina","0","12","0","12","0","12","0","12","0","12","0","12","0","12","0","12","0","12","0","12","0","12","0","12","0","12","0","12","0","12","0","12","0","12","0","12","0","12","0","12","0","12","0","12","0","12","0","12","0","12","0","12","0","12"
"1500000US370630006001","Block Group 1, Census Tract 6, Durham County, North Carolina","0","12","0","12","0","12","0","12","0","12","0","12","0","12","0","12","0","12","0","12","0","12","0","12","0","12","0","12","0","12","0","12","0","12","0","12","0","12","0","12","0","12","0","12","0","12","0","12","0","12","0","12","0","12"
"1500000US370630006002","Block Group 2, Census Tract 6, Durham County, North Carolina","0","12","0","12","0","12","0","12","0","12","0","12","0","12","0","12","0","12","0","12","0","12","0","12","0","12","0","12","0","12","0","12","0","12","0","12","0","12","0","12","0","12","0","12","0","12","0","12","0","12","0","12","0","12"
"1500000US370630006003","Block Group 3, Census Tract 6, Durham County, North Carolina","0","12","0","12","0","12","0","12","0","12","0","12","0","12","0","12","0","12","0","12","0","12","0","12","0","12","0","12","0","12","0","12","0","12","0","12","0","12","0","12","0","12","0","12","0","12","0","12","0","12","0","12","0","12"
"1500000US370630007001","Block Group 1, Census Tract 7, Durham County, North Carolina","0","12","0","12","0","12","0","12","0","12","0","12","0","12","0","12","0","12","0","12","0","12","0","12","0","12","0","12","0","12","0","12","0","12","0","12","0","12","0","12","0","12","0","12","0","12","0","12","0","12","0","12","0","12"
"1500000US370630007002","Block Group 2, Census Tract 7, Durham County, North Carolina","0","12","0","12","0","12","0","12","0","12","0","12","0","12","0","12","0","12","0","12","0","12","0","12","0","12","0","12","0","12","0","12","0","12","0","12","0","12","0","12","0","12","0","12","0","12","0","12","0","12","0","12","0","12"
"1500000US370630007003","Block Group 3, Census Tract 7, Durham County, North Carolina","0","12","0","12","0","12","0","12","0","12","0","12","0","12","0","12","0","12","0","12","0","12","0","12","0","12","0","12","0","12","0","12","0","12","0","12","0","12","0","12","0","12","0","12","0","12","0","12","0","12","0","12","0","12"
"1500000US370630009001","Block Group 1, Census Tract 9, Durham County, North Carolina","14","22","0","12","0","12","0","12","0","12","0","12","0","12","0","12","0","12","0","12","0","12","0","12","0","12","0","12","14","22","0","12","0","12","0","12","0","12","0","12","0","12","0","12","0","12","0","12","0","12","0","12","0","12"
"1500000US370630009002","Block Group 2, Census Tract 9, Durham County, North Carolina","27","31","13","21","0","12","0","12","0","12","0","12","0","12","0","12","0","12","0","12","0","12","0","12","0","12","0","12","0","12","0","12","0","12","0","12","0","12","0","12","0","12","14","23","0","12","0","12","0","12","0","12","0","12"
"1500000US370630010011","Block Group 1, Census Tract 10.01, Durham County, North Carolina","17","28","0","12","0","12","0","12","0","12","0","12","0","12","0","12","0","12","0","12","0","12","0","12","0","12","0","12","17","28","0","12","0","12","0","12","0","12","0","12","0","12","0","12","0","12","0","12","0","12","0","12","0","12"
"1500000US370630010012","Block Group 2, Census Tract 10.01, Durham County, North Carolina","0","12","0","12","0","12","0","12","0","12","0","12","0","12","0","12","0","12","0","12","0","12","0","12","0","12","0","12","0","12","0","12","0","12","0","12","0","12","0","12","0","12","0","12","0","12","0","12","0","12","0","12","0","12"
"1500000US370630010013","Block Group 3, Census Tract 10.01, Durham County, North Carolina","0","12","0","12","0","12","0","12","0","12","0","12","0","12","0","12","0","12","0","12","0","12","0","12","0","12","0","12","0","12","0","12","0","12","0","12","0","12","0","12","0","12","0","12","0","12","0","12","0","12","0","12","0","12"
"1500000US370630010021","Block Group 1, Census Tract 10.02, Durham County, North Carolina","0","12","0","12","0","12","0","12","0","12","0","12","0","12","0","12","0","12","0","12","0","12","0","12","0","12","0","12","0","12","0","12","0","12","0","12","0","12","0","12","0","12","0","12","0","12","0","12","0","12","0","12","0","12"
"1500000US370630010022","Block Group 2, Census Tract 10.02, Durham County, North Carolina","0","12","0","12","0","12","0","12","0","12","0","12","0","12","0","12","0","12","0","12","0","12","0","12","0","12","0","12","0","12","0","12","0","12","0","12","0","12","0","12","0","12","0","12","0","12","0","12","0","12","0","12","0","12"
"1500000US370630010023","Block Group 3, Census Tract 10.02, Durham County, North Carolina","32","48","32","48","0","12","0","12","0","12","0","12","0","12","0","12","0","12","0","12","0","12","0","12","0","12","0","12","0","12","0","12","0","12","0","12","0","12","0","12","0","12","0","12","0","12","0","12","0","12","0","12","0","12"
"1500000US370630010024","Block Group 4, Census Tract 10.02, Durham County, North Carolina","0","12","0","12","0","12","0","12","0","12","0","12","0","12","0","12","0","12","0","12","0","12","0","12","0","12","0","12","0","12","0","12","0","12","0","12","0","12","0","12","0","12","0","12","0","12","0","12","0","12","0","12","0","12"
"1500000US370630011001","Block Group 1, Census Tract 11, Durham County, North Carolina","20","30","0","12","0","12","0","12","0","12","0","12","0","12","0","12","0","12","0","12","0","12","0","12","0","12","0","12","0","12","0","12","0","12","0","12","0","12","0","12","0","12","20","30","0","12","0","12","0","12","0","12","0","12"
"1500000US370630011002","Block Group 2, Census Tract 11, Durham County, North Carolina","16","24","0","12","0","12","0","12","0","12","0","12","0","12","0","12","0","12","0","12","0","12","0","12","16","24","0","12","0","12","0","12","0","12","0","12","0","12","0","12","0","12","0","12","0","12","0","12","0","12","0","12","0","12"
"1500000US370630013011","Block Group 1, Census Tract 13.01, Durham County, North Carolina","11","17","0","12","0","12","0","12","0","12","0","12","0","12","0","12","0","12","0","12","0","12","0","12","0","12","0","12","0","12","0","12","0","12","0","12","0","12","0","12","0","12","0","12","11","17","0","12","0","12","0","12","0","12"
"1500000US370630013031","Block Group 1, Census Tract 13.03, Durham County, North Carolina","16","25","0","12","0","12","0","12","16","25","0","12","0","12","0","12","0","12","0","12","0","12","0","12","0","12","0","12","0","12","0","12","0","12","0","12","0","12","0","12","0","12","0","12","0","12","0","12","0","12","0","12","0","12"
"1500000US370630013032","Block Group 2, Census Tract 13.03, Durham County, North Carolina","0","12","0","12","0","12","0","12","0","12","0","12","0","12","0","12","0","12","0","12","0","12","0","12","0","12","0","12","0","12","0","12","0","12","0","12","0","12","0","12","0","12","0","12","0","12","0","12","0","12","0","12","0","12"
"1500000US370630013041","Block Group 1, Census Tract 13.04, Durham County, North Carolina","0","12","0","12","0","12","0","12","0","12","0","12","0","12","0","12","0","12","0","12","0","12","0","12","0","12","0","12","0","12","0","12","0","12","0","12","0","12","0","12","0","12","0","12","0","12","0","12","0","12","0","12","0","12"
"1500000US370630014001","Block Group 1, Census Tract 14, Durham County, North Carolina","0","12","0","12","0","12","0","12","0","12","0","12","0","12","0","12","0","12","0","12","0","12","0","12","0","12","0","12","0","12","0","12","0","12","0","12","0","12","0","12","0","12","0","12","0","12","0","12","0","12","0","12","0","12"
"1500000US370630014002","Block Group 2, Census Tract 14, Durham County, North Carolina","20","33","0","12","0","12","0","12","0","12","0","12","0","12","0","12","0","12","20","33","0","12","0","12","0","12","0","12","0","12","0","12","0","12","0","12","0","12","0","12","0","12","0","12","0","12","0","12","0","12","0","12","0","12"
"1500000US370630015011","Block Group 1, Census Tract 15.01, Durham County, North Carolina","0","12","0","12","0","12","0","12","0","12","0","12","0","12","0","12","0","12","0","12","0","12","0","12","0","12","0","12","0","12","0","12","0","12","0","12","0","12","0","12","0","12","0","12","0","12","0","12","0","12","0","12","0","12"
"1500000US370630015021","Block Group 1, Census Tract 15.02, Durham County, North Carolina","0","12","0","12","0","12","0","12","0","12","0","12","0","12","0","12","0","12","0","12","0","12","0","12","0","12","0","12","0","12","0","12","0","12","0","12","0","12","0","12","0","12","0","12","0","12","0","12","0","12","0","12","0","12"
"1500000US370630015022","Block Group 2, Census Tract 15.02, Durham County, North Carolina","0","12","0","12","0","12","0","12","0","12","0","12","0","12","0","12","0","12","0","12","0","12","0","12","0","12","0","12","0","12","0","12","0","12","0","12","0","12","0","12","0","12","0","12","0","12","0","12","0","12","0","12","0","12"
"1500000US370630015023","Block Group 3, Census Tract 15.02, Durham County, North Carolina","0","12","0","12","0","12","0","12","0","12","0","12","0","12","0","12","0","12","0","12","0","12","0","12","0","12","0","12","0","12","0","12","0","12","0","12","0","12","0","12","0","12","0","12","0","12","0","12","0","12","0","12","0","12"
"1500000US370630015024","Block Group 4, Census Tract 15.02, Durham County, North Carolina","0","12","0","12","0","12","0","12","0","12","0","12","0","12","0","12","0","12","0","12","0","12","0","12","0","12","0","12","0","12","0","12","0","12","0","12","0","12","0","12","0","12","0","12","0","12","0","12","0","12","0","12","0","12"
"1500000US370630015031","Block Group 1, Census Tract 15.03, Durham County, North Carolina","0","12","0","12","0","12","0","12","0","12","0","12","0","12","0","12","0","12","0","12","0","12","0","12","0","12","0","12","0","12","0","12","0","12","0","12","0","12","0","12","0","12","0","12","0","12","0","12","0","12","0","12","0","12"
"1500000US370630016011","Block Group 1, Census Tract 16.01, Durham County, North Carolina","0","12","0","12","0","12","0","12","0","12","0","12","0","12","0","12","0","12","0","12","0","12","0","12","0","12","0","12","0","12","0","12","0","12","0","12","0","12","0","12","0","12","0","12","0","12","0","12","0","12","0","12","0","12"
"1500000US370630016012","Block Group 2, Census Tract 16.01, Durham County, North Carolina","34","53","0","12","0","12","0","12","0","12","0","12","0","12","0","12","0","12","0","12","0","12","0","12","0","12","0","12","0","12","0","12","0","12","0","12","0","12","0","12","34","53","0","12","0","12","0","12","0","12","0","12","0","12"
"1500000US370630016013","Block Group 3, Census Tract 16.01, Durham County, North Carolina","0","12","0","12","0","12","0","12","0","12","0","12","0","12","0","12","0","12","0","12","0","12","0","12","0","12","0","12","0","12","0","12","0","12","0","12","0","12","0","12","0","12","0","12","0","12","0","12","0","12","0","12","0","12"
"1500000US370630016031","Block Group 1, Census Tract 16.03, Durham County, North Carolina","0","12","0","12","0","12","0","12","0","12","0","12","0","12","0","12","0","12","0","12","0","12","0","12","0","12","0","12","0","12","0","12","0","12","0","12","0","12","0","12","0","12","0","12","0","12","0","12","0","12","0","12","0","12"
"1500000US370630016032","Block Group 2, Census Tract 16.03, Durham County, North Carolina","0","12","0","12","0","12","0","12","0","12","0","12","0","12","0","12","0","12","0","12","0","12","0","12","0","12","0","12","0","12","0","12","0","12","0","12","0","12","0","12","0","12","0","12","0","12","0","12","0","12","0","12","0","12"
"1500000US370630016033","Block Group 3, Census Tract 16.03, Durham County, North Carolina","0","12","0","12","0","12","0","12","0","12","0","12","0","12","0","12","0","12","0","12","0","12","0","12","0","12","0","12","0","12","0","12","0","12","0","12","0","12","0","12","0","12","0","12","0","12","0","12","0","12","0","12","0","12"
"1500000US370630016034","Block Group 4, Census Tract 16.03, Durham County, North Carolina","0","12","0","12","0","12","0","12","0","12","0","12","0","12","0","12","0","12","0","12","0","12","0","12","0","12","0","12","0","12","0","12","0","12","0","12","0","12","0","12","0","12","0","12","0","12","0","12","0","12","0","12","0","12"
"1500000US370630016041","Block Group 1, Census Tract 16.04, Durham County, North Carolina","0","12","0","12","0","12","0","12","0","12","0","12","0","12","0","12","0","12","0","12","0","12","0","12","0","12","0","12","0","12","0","12","0","12","0","12","0","12","0","12","0","12","0","12","0","12","0","12","0","12","0","12","0","12"
"1500000US370630016042","Block Group 2, Census Tract 16.04, Durham County, North Carolina","0","12","0","12","0","12","0","12","0","12","0","12","0","12","0","12","0","12","0","12","0","12","0","12","0","12","0","12","0","12","0","12","0","12","0","12","0","12","0","12","0","12","0","12","0","12","0","12","0","12","0","12","0","12"
"1500000US370630016043","Block Group 3, Census Tract 16.04, Durham County, North Carolina","0","12","0","12","0","12","0","12","0","12","0","12","0","12","0","12","0","12","0","12","0","12","0","12","0","12","0","12","0","12","0","12","0","12","0","12","0","12","0","12","0","12","0","12","0","12","0","12","0","12","0","12","0","12"
"1500000US370630017051","Block Group 1, Census Tract 17.05, Durham County, North Carolina","0","12","0","12","0","12","0","12","0","12","0","12","0","12","0","12","0","12","0","12","0","12","0","12","0","12","0","12","0","12","0","12","0","12","0","12","0","12","0","12","0","12","0","12","0","12","0","12","0","12","0","12","0","12"
"1500000US370630017052","Block Group 2, Census Tract 17.05, Durham County, North Carolina","42","63","0","12","0","12","0","12","0","12","0","12","0","12","0","12","0","12","0","12","0","12","0","12","0","12","0","12","0","12","0","12","0","12","0","12","0","12","0","12","0","12","0","12","42","63","0","12","0","12","0","12","0","12"
"1500000US370630017053","Block Group 3, Census Tract 17.05, Durham County, North Carolina","0","12","0","12","0","12","0","12","0","12","0","12","0","12","0","12","0","12","0","12","0","12","0","12","0","12","0","12","0","12","0","12","0","12","0","12","0","12","0","12","0","12","0","12","0","12","0","12","0","12","0","12","0","12"
"1500000US370630017061","Block Group 1, Census Tract 17.06, Durham County, North Carolina","0","12","0","12","0","12","0","12","0","12","0","12","0","12","0","12","0","12","0","12","0","12","0","12","0","12","0","12","0","12","0","12","0","12","0","12","0","12","0","12","0","12","0","12","0","12","0","12","0","12","0","12","0","12"
"1500000US370630017062","Block Group 2, Census Tract 17.06, Durham County, North Carolina","0","12","0","12","0","12","0","12","0","12","0","12","0","12","0","12","0","12","0","12","0","12","0","12","0","12","0","12","0","12","0","12","0","12","0","12","0","12","0","12","0","12","0","12","0","12","0","12","0","12","0","12","0","12"
"1500000US370630017071","Block Group 1, Census Tract 17.07, Durham County, North Carolina","0","12","0","12","0","12","0","12","0","12","0","12","0","12","0","12","0","12","0","12","0","12","0","12","0","12","0","12","0","12","0","12","0","12","0","12","0","12","0","12","0","12","0","12","0","12","0","12","0","12","0","12","0","12"
"1500000US370630017072","Block Group 2, Census Tract 17.07, Durham County, North Carolina","0","12","0","12","0","12","0","12","0","12","0","12","0","12","0","12","0","12","0","12","0","12","0","12","0","12","0","12","0","12","0","12","0","12","0","12","0","12","0","12","0","12","0","12","0","12","0","12","0","12","0","12","0","12"
"1500000US370630017073","Block Group 3, Census Tract 17.07, Durham County, North Carolina","0","12","0","12","0","12","0","12","0","12","0","12","0","12","0","12","0","12","0","12","0","12","0","12","0","12","0","12","0","12","0","12","0","12","0","12","0","12","0","12","0","12","0","12","0","12","0","12","0","12","0","12","0","12"
"1500000US370630017074","Block Group 4, Census Tract 17.07, Durham County, North Carolina","0","12","0","12","0","12","0","12","0","12","0","12","0","12","0","12","0","12","0","12","0","12","0","12","0","12","0","12","0","12","0","12","0","12","0","12","0","12","0","12","0","12","0","12","0","12","0","12","0","12","0","12","0","12"
"1500000US370630017075","Block Group 5, Census Tract 17.07, Durham County, North Carolina","0","12","0","12","0","12","0","12","0","12","0","12","0","12","0","12","0","12","0","12","0","12","0","12","0","12","0","12","0","12","0","12","0","12","0","12","0","12","0","12","0","12","0","12","0","12","0","12","0","12","0","12","0","12"
"1500000US370630017081","Block Group 1, Census Tract 17.08, Durham County, North Carolina","0","17","0","17","0","17","0","17","0","17","0","17","0","17","0","17","0","17","0","17","0","17","0","17","0","17","0","17","0","17","0","17","0","17","0","17","0","17","0","17","0","17","0","17","0","17","0","17","0","17","0","17","0","17"
"1500000US370630017091","Block Group 1, Census Tract 17.09, Durham County, North Carolina","0","12","0","12","0","12","0","12","0","12","0","12","0","12","0","12","0","12","0","12","0","12","0","12","0","12","0","12","0","12","0","12","0","12","0","12","0","12","0","12","0","12","0","12","0","12","0","12","0","12","0","12","0","12"
"1500000US370630017092","Block Group 2, Census Tract 17.09, Durham County, North Carolina","0","12","0","12","0","12","0","12","0","12","0","12","0","12","0","12","0","12","0","12","0","12","0","12","0","12","0","12","0","12","0","12","0","12","0","12","0","12","0","12","0","12","0","12","0","12","0","12","0","12","0","12","0","12"
"1500000US370630017093","Block Group 3, Census Tract 17.09, Durham County, North Carolina","0","12","0","12","0","12","0","12","0","12","0","12","0","12","0","12","0","12","0","12","0","12","0","12","0","12","0","12","0","12","0","12","0","12","0","12","0","12","0","12","0","12","0","12","0","12","0","12","0","12","0","12","0","12"
"1500000US370630017101","Block Group 1, Census Tract 17.10, Durham County, North Carolina","23","35","0","12","0","12","0","12","0","12","0","12","0","12","0","12","0","12","0","12","0","12","0","12","0","12","0","12","0","12","0","12","0","12","0","12","23","35","0","12","0","12","0","12","0","12","0","12","0","12","0","12","0","12"
"1500000US370630017102","Block Group 2, Census Tract 17.10, Durham County, North Carolina","0","12","0","12","0","12","0","12","0","12","0","12","0","12","0","12","0","12","0","12","0","12","0","12","0","12","0","12","0","12","0","12","0","12","0","12","0","12","0","12","0","12","0","12","0","12","0","12","0","12","0","12","0","12"
"1500000US370630017111","Block Group 1, Census Tract 17.11, Durham County, North Carolina","0","12","0","12","0","12","0","12","0","12","0","12","0","12","0","12","0","12","0","12","0","12","0","12","0","12","0","12","0","12","0","12","0","12","0","12","0","12","0","12","0","12","0","12","0","12","0","12","0","12","0","12","0","12"
"1500000US370630017112","Block Group 2, Census Tract 17.11, Durham County, North Carolina","0","12","0","12","0","12","0","12","0","12","0","12","0","12","0","12","0","12","0","12","0","12","0","12","0","12","0","12","0","12","0","12","0","12","0","12","0","12","0","12","0","12","0","12","0","12","0","12","0","12","0","12","0","12"
"1500000US370630017113","Block Group 3, Census Tract 17.11, Durham County, North Carolina","0","12","0","12","0","12","0","12","0","12","0","12","0","12","0","12","0","12","0","12","0","12","0","12","0","12","0","12","0","12","0","12","0","12","0","12","0","12","0","12","0","12","0","12","0","12","0","12","0","12","0","12","0","12"
"1500000US370630018011","Block Group 1, Census Tract 18.01, Durham County, North Carolina","0","12","0","12","0","12","0","12","0","12","0","12","0","12","0","12","0","12","0","12","0","12","0","12","0","12","0","12","0","12","0","12","0","12","0","12","0","12","0","12","0","12","0","12","0","12","0","12","0","12","0","12","0","12"
"1500000US370630018012","Block Group 2, Census Tract 18.01, Durham County, North Carolina","0","12","0","12","0","12","0","12","0","12","0","12","0","12","0","12","0","12","0","12","0","12","0","12","0","12","0","12","0","12","0","12","0","12","0","12","0","12","0","12","0","12","0","12","0","12","0","12","0","12","0","12","0","12"
"1500000US370630018013","Block Group 3, Census Tract 18.01, Durham County, North Carolina","44","72","0","12","0","12","0","12","0","12","0","12","0","12","0","12","0","12","0","12","0","12","0","12","0","12","0","12","0","12","0","12","0","12","0","12","44","72","0","12","0","12","0","12","0","12","0","12","0","12","0","12","0","12"
"1500000US370630018014","Block Group 4, Census Tract 18.01, Durham County, North Carolina","0","12","0","12","0","12","0","12","0","12","0","12","0","12","0","12","0","12","0","12","0","12","0","12","0","12","0","12","0","12","0","12","0","12","0","12","0","12","0","12","0","12","0","12","0","12","0","12","0","12","0","12","0","12"
"1500000US370630018015","Block Group 5, Census Tract 18.01, Durham County, North Carolina","0","12","0","12","0","12","0","12","0","12","0","12","0","12","0","12","0","12","0","12","0","12","0","12","0","12","0","12","0","12","0","12","0","12","0","12","0","12","0","12","0","12","0","12","0","12","0","12","0","12","0","12","0","12"
"1500000US370630018021","Block Group 1, Census Tract 18.02, Durham County, North Carolina","0","12","0","12","0","12","0","12","0","12","0","12","0","12","0","12","0","12","0","12","0","12","0","12","0","12","0","12","0","12","0","12","0","12","0","12","0","12","0","12","0","12","0","12","0","12","0","12","0","12","0","12","0","12"
"1500000US370630018022","Block Group 2, Census Tract 18.02, Durham County, North Carolina","0","12","0","12","0","12","0","12","0","12","0","12","0","12","0","12","0","12","0","12","0","12","0","12","0","12","0","12","0","12","0","12","0","12","0","12","0","12","0","12","0","12","0","12","0","12","0","12","0","12","0","12","0","12"
"1500000US370630018023","Block Group 3, Census Tract 18.02, Durham County, North Carolina","0","12","0","12","0","12","0","12","0","12","0","12","0","12","0","12","0","12","0","12","0","12","0","12","0","12","0","12","0","12","0","12","0","12","0","12","0","12","0","12","0","12","0","12","0","12","0","12","0","12","0","12","0","12"
"1500000US370630018024","Block Group 4, Census Tract 18.02, Durham County, North Carolina","0","12","0","12","0","12","0","12","0","12","0","12","0","12","0","12","0","12","0","12","0","12","0","12","0","12","0","12","0","12","0","12","0","12","0","12","0","12","0","12","0","12","0","12","0","12","0","12","0","12","0","12","0","12"
"1500000US370630018061","Block Group 1, Census Tract 18.06, Durham County, North Carolina","0","12","0","12","0","12","0","12","0","12","0","12","0","12","0","12","0","12","0","12","0","12","0","12","0","12","0","12","0","12","0","12","0","12","0","12","0","12","0","12","0","12","0","12","0","12","0","12","0","12","0","12","0","12"
"1500000US370630018062","Block Group 2, Census Tract 18.06, Durham County, North Carolina","0","17","0","17","0","17","0","17","0","17","0","17","0","17","0","17","0","17","0","17","0","17","0","17","0","17","0","17","0","17","0","17","0","17","0","17","0","17","0","17","0","17","0","17","0","17","0","17","0","17","0","17","0","17"
"1500000US370630018071","Block Group 1, Census Tract 18.07, Durham County, North Carolina","53","71","0","12","0","12","0","12","0","12","0","12","0","12","0","12","0","12","0","12","0","12","0","12","0","12","0","12","0","12","43","70","0","12","10","17","0","12","0","12","0","12","0","12","0","12","0","12","0","12","0","12","0","12"
"1500000US370630018072","Block Group 2, Census Tract 18.07, Durham County, North Carolina","24","38","0","12","0","12","0","12","0","12","0","12","0","12","0","12","0","12","0","12","0","12","0","12","0","12","0","12","0","12","0","12","24","38","0","12","0","12","0","12","0","12","0","12","0","12","0","12","0","12","0","12","0","12"
"1500000US370630018073","Block Group 3, Census Tract 18.07, Durham County, North Carolina","40","66","0","12","0","12","0","12","0","12","0","12","0","12","0","12","0","12","0","12","0","12","0","12","0","12","0","12","0","12","0","12","0","12","0","12","40","66","0","12","0","12","0","12","0","12","0","12","0","12","0","12","0","12"
"1500000US370630018081","Block Group 1, Census Tract 18.08, Durham County, North Carolina","13","21","0","12","0","12","0","12","0","12","0","12","0","12","0","12","0","12","0","12","0","12","0","12","0","12","0","12","13","21","0","12","0","12","0","12","0","12","0","12","0","12","0","12","0","12","0","12","0","12","0","12","0","12"
"1500000US370630018082","Block Group 2, Census Tract 18.08, Durham County, North Carolina","32","51","0","17","0","17","0","17","0","17","0","17","0","17","0","17","0","17","0","17","0","17","0","17","0","17","0","17","0","17","0","17","32","51","0","17","0","17","0","17","0","17","0","17","0","17","0","17","0","17","0","17","0","17"
"1500000US370630018091","Block Group 1, Census Tract 18.09, Durham County, North Carolina","39","63","0","12","0","12","0","12","0","12","0","12","0","12","0","12","0","12","0","12","0","12","0","12","0","12","0","12","0","12","0","12","0","12","39","63","0","12","0","12","0","12","0","12","0","12","0","12","0","12","0","12","0","12"
"1500000US370630018092","Block Group 2, Census Tract 18.09, Durham County, North Carolina","0","12","0","12","0","12","0","12","0","12","0","12","0","12","0","12","0","12","0","12","0","12","0","12","0","12","0","12","0","12","0","12","0","12","0","12","0","12","0","12","0","12","0","12","0","12","0","12","0","12","0","12","0","12"
"1500000US370630019001","Block Group 1, Census Tract 19, Durham County, North Carolina","53","78","0","12","0","12","0","12","0","12","0","12","0","12","0","12","0","12","0","12","0","12","0","12","0","12","0","12","0","12","0","12","0","12","0","12","0","12","0","12","53","78","0","12","0","12","0","12","0","12","0","12","0","12"
"1500000US370630019002","Block Group 2, Census Tract 19, Durham County, North Carolina","0","12","0","12","0","12","0","12","0","12","0","12","0","12","0","12","0","12","0","12","0","12","0","12","0","12","0","12","0","12","0","12","0","12","0","12","0","12","0","12","0","12","0","12","0","12","0","12","0","12","0","12","0","12"
"1500000US370630020071","Block Group 1, Census Tract 20.07, Durham County, North Carolina","0","12","0","12","0","12","0","12","0","12","0","12","0","12","0","12","0","12","0","12","0","12","0","12","0","12","0","12","0","12","0","12","0","12","0","12","0","12","0","12","0","12","0","12","0","12","0","12","0","12","0","12","0","12"
"1500000US370630020072","Block Group 2, Census Tract 20.07, Durham County, North Carolina","0","12","0","12","0","12","0","12","0","12","0","12","0","12","0","12","0","12","0","12","0","12","0","12","0","12","0","12","0","12","0","12","0","12","0","12","0","12","0","12","0","12","0","12","0","12","0","12","0","12","0","12","0","12"
"1500000US370630020073","Block Group 3, Census Tract 20.07, Durham County, North Carolina","0","12","0","12","0","12","0","12","0","12","0","12","0","12","0","12","0","12","0","12","0","12","0","12","0","12","0","12","0","12","0","12","0","12","0","12","0","12","0","12","0","12","0","12","0","12","0","12","0","12","0","12","0","12"
"1500000US370630020081","Block Group 1, Census Tract 20.08, Durham County, North Carolina","0","12","0","12","0","12","0","12","0","12","0","12","0","12","0","12","0","12","0","12","0","12","0","12","0","12","0","12","0","12","0","12","0","12","0","12","0","12","0","12","0","12","0","12","0","12","0","12","0","12","0","12","0","12"
"1500000US370630020082","Block Group 2, Census Tract 20.08, Durham County, North Carolina","26","39","0","12","0","12","0","12","0","12","0","12","0","12","0","12","0","12","0","12","0","12","0","12","0","12","0","12","0","12","0","12","0","12","0","12","0","12","0","12","0","12","26","39","0","12","0","12","0","12","0","12","0","12"
"1500000US370630020091","Block Group 1, Census Tract 20.09, Durham County, North Carolina","0","12","0","12","0","12","0","12","0","12","0","12","0","12","0","12","0","12","0","12","0","12","0","12","0","12","0","12","0","12","0","12","0","12","0","12","0","12","0","12","0","12","0","12","0","12","0","12","0","12","0","12","0","12"
"1500000US370630020092","Block Group 2, Census Tract 20.09, Durham County, North Carolina","16","23","0","12","0","12","0","12","0","12","0","12","0","12","0","12","0","12","0","12","0","12","16","23","0","12","0","12","0","12","0","12","0","12","0","12","0","12","0","12","0","12","0","12","0","12","0","12","0","12","0","12","0","12"
"1500000US370630020093","Block Group 3, Census Tract 20.09, Durham County, North Carolina","0","12","0","12","0","12","0","12","0","12","0","12","0","12","0","12","0","12","0","12","0","12","0","12","0","12","0","12","0","12","0","12","0","12","0","12","0","12","0","12","0","12","0","12","0","12","0","12","0","12","0","12","0","12"
"1500000US370630020131","Block Group 1, Census Tract 20.13, Durham County, North Carolina","0","12","0","12","0","12","0","12","0","12","0","12","0","12","0","12","0","12","0","12","0","12","0","12","0","12","0","12","0","12","0","12","0","12","0","12","0","12","0","12","0","12","0","12","0","12","0","12","0","12","0","12","0","12"
"1500000US370630020132","Block Group 2, Census Tract 20.13, Durham County, North Carolina","0","12","0","12","0","12","0","12","0","12","0","12","0","12","0","12","0","12","0","12","0","12","0","12","0","12","0","12","0","12","0","12","0","12","0","12","0","12","0","12","0","12","0","12","0","12","0","12","0","12","0","12","0","12"
"1500000US370630020133","Block Group 3, Census Tract 20.13, Durham County, North Carolina","44","68","0","12","0","12","0","12","0","12","0","12","0","12","0","12","0","12","0","12","0","12","0","12","0","12","0","12","0","12","0","12","0","12","0","12","0","12","44","68","0","12","0","12","0","12","0","12","0","12","0","12","0","12"
"1500000US370630020151","Block Group 1, Census Tract 20.15, Durham County, North Carolina","0","12","0","12","0","12","0","12","0","12","0","12","0","12","0","12","0","12","0","12","0","12","0","12","0","12","0","12","0","12","0","12","0","12","0","12","0","12","0","12","0","12","0","12","0","12","0","12","0","12","0","12","0","12"
"1500000US370630020152","Block Group 2, Census Tract 20.15, Durham County, North Carolina","0","12","0","12","0","12","0","12","0","12","0","12","0","12","0","12","0","12","0","12","0","12","0","12","0","12","0","12","0","12","0","12","0","12","0","12","0","12","0","12","0","12","0","12","0","12","0","12","0","12","0","12","0","12"
"1500000US370630020153","Block Group 3, Census Tract 20.15, Durham County, North Carolina","0","12","0","12","0","12","0","12","0","12","0","12","0","12","0","12","0","12","0","12","0","12","0","12","0","12","0","12","0","12","0","12","0","12","0","12","0","12","0","12","0","12","0","12","0","12","0","12","0","12","0","12","0","12"
"1500000US370630020161","Block Group 1, Census Tract 20.16, Durham County, North Carolina","0","12","0","12","0","12","0","12","0","12","0","12","0","12","0","12","0","12","0","12","0","12","0","12","0","12","0","12","0","12","0","12","0","12","0","12","0","12","0","12","0","12","0","12","0","12","0","12","0","12","0","12","0","12"
"1500000US370630020162","Block Group 2, Census Tract 20.16, Durham County, North Carolina","0","12","0","12","0","12","0","12","0","12","0","12","0","12","0","12","0","12","0","12","0","12","0","12","0","12","0","12","0","12","0","12","0","12","0","12","0","12","0","12","0","12","0","12","0","12","0","12","0","12","0","12","0","12"
"1500000US370630020171","Block Group 1, Census Tract 20.17, Durham County, North Carolina","0","12","0","12","0","12","0","12","0","12","0","12","0","12","0","12","0","12","0","12","0","12","0","12","0","12","0","12","0","12","0","12","0","12","0","12","0","12","0","12","0","12","0","12","0","12","0","12","0","12","0","12","0","12"
"1500000US370630020172","Block Group 2, Census Tract 20.17, Durham County, North Carolina","0","12","0","12","0","12","0","12","0","12","0","12","0","12","0","12","0","12","0","12","0","12","0","12","0","12","0","12","0","12","0","12","0","12","0","12","0","12","0","12","0","12","0","12","0","12","0","12","0","12","0","12","0","12"
"1500000US370630020173","Block Group 3, Census Tract 20.17, Durham County, North Carolina","0","12","0","12","0","12","0","12","0","12","0","12","0","12","0","12","0","12","0","12","0","12","0","12","0","12","0","12","0","12","0","12","0","12","0","12","0","12","0","12","0","12","0","12","0","12","0","12","0","12","0","12","0","12"
"1500000US370630020181","Block Group 1, Census Tract 20.18, Durham County, North Carolina","0","12","0","12","0","12","0","12","0","12","0","12","0","12","0","12","0","12","0","12","0","12","0","12","0","12","0","12","0","12","0","12","0","12","0","12","0","12","0","12","0","12","0","12","0","12","0","12","0","12","0","12","0","12"
"1500000US370630020182","Block Group 2, Census Tract 20.18, Durham County, North Carolina","0","12","0","12","0","12","0","12","0","12","0","12","0","12","0","12","0","12","0","12","0","12","0","12","0","12","0","12","0","12","0","12","0","12","0","12","0","12","0","12","0","12","0","12","0","12","0","12","0","12","0","12","0","12"
"1500000US370630020183","Block Group 3, Census Tract 20.18, Durham County, North Carolina","0","12","0","12","0","12","0","12","0","12","0","12","0","12","0","12","0","12","0","12","0","12","0","12","0","12","0","12","0","12","0","12","0","12","0","12","0","12","0","12","0","12","0","12","0","12","0","12","0","12","0","12","0","12"
"1500000US370630020191","Block Group 1, Census Tract 20.19, Durham County, North Carolina","0","12","0","12","0","12","0","12","0","12","0","12","0","12","0","12","0","12","0","12","0","12","0","12","0","12","0","12","0","12","0","12","0","12","0","12","0","12","0","12","0","12","0","12","0","12","0","12","0","12","0","12","0","12"
"1500000US370630020192","Block Group 2, Census Tract 20.19, Durham County, North Carolina","0","12","0","12","0","12","0","12","0","12","0","12","0","12","0","12","0","12","0","12","0","12","0","12","0","12","0","12","0","12","0","12","0","12","0","12","0","12","0","12","0","12","0","12","0","12","0","12","0","12","0","12","0","12"
"1500000US370630020193","Block Group 3, Census Tract 20.19, Durham County, North Carolina","0","12","0","12","0","12","0","12","0","12","0","12","0","12","0","12","0","12","0","12","0","12","0","12","0","12","0","12","0","12","0","12","0","12","0","12","0","12","0","12","0","12","0","12","0","12","0","12","0","12","0","12","0","12"
"1500000US370630020201","Block Group 1, Census Tract 20.20, Durham County, North Carolina","0","12","0","12","0","12","0","12","0","12","0","12","0","12","0","12","0","12","0","12","0","12","0","12","0","12","0","12","0","12","0","12","0","12","0","12","0","12","0","12","0","12","0","12","0","12","0","12","0","12","0","12","0","12"
"1500000US370630020202","Block Group 2, Census Tract 20.20, Durham County, North Carolina","0","17","0","17","0","17","0","17","0","17","0","17","0","17","0","17","0","17","0","17","0","17","0","17","0","17","0","17","0","17","0","17","0","17","0","17","0","17","0","17","0","17","0","17","0","17","0","17","0","17","0","17","0","17"
"1500000US370630020211","Block Group 1, Census Tract 20.21, Durham County, North Carolina","0","12","0","12","0","12","0","12","0","12","0","12","0","12","0","12","0","12","0","12","0","12","0","12","0","12","0","12","0","12","0","12","0","12","0","12","0","12","0","12","0","12","0","12","0","12","0","12","0","12","0","12","0","12"
"1500000US370630020212","Block Group 2, Census Tract 20.21, Durham County, North Carolina","0","12","0","12","0","12","0","12","0","12","0","12","0","12","0","12","0","12","0","12","0","12","0","12","0","12","0","12","0","12","0","12","0","12","0","12","0","12","0","12","0","12","0","12","0","12","0","12","0","12","0","12","0","12"
"1500000US370630020221","Block Group 1, Census Tract 20.22, Durham County, North Carolina","0","12","0","12","0","12","0","12","0","12","0","12","0","12","0","12","0","12","0","12","0","12","0","12","0","12","0","12","0","12","0","12","0","12","0","12","0","12","0","12","0","12","0","12","0","12","0","12","0","12","0","12","0","12"
"1500000US370630020222","Block Group 2, Census Tract 20.22, Durham County, North Carolina","0","12","0","12","0","12","0","12","0","12","0","12","0","12","0","12","0","12","0","12","0","12","0","12","0","12","0","12","0","12","0","12","0","12","0","12","0","12","0","12","0","12","0","12","0","12","0","12","0","12","0","12","0","12"
"1500000US370630020231","Block Group 1, Census Tract 20.23, Durham County, North Carolina","0","12","0","12","0","12","0","12","0","12","0","12","0","12","0","12","0","12","0","12","0","12","0","12","0","12","0","12","0","12","0","12","0","12","0","12","0","12","0","12","0","12","0","12","0","12","0","12","0","12","0","12","0","12"
"1500000US370630020232","Block Group 2, Census Tract 20.23, Durham County, North Carolina","0","12","0","12","0","12","0","12","0","12","0","12","0","12","0","12","0","12","0","12","0","12","0","12","0","12","0","12","0","12","0","12","0","12","0","12","0","12","0","12","0","12","0","12","0","12","0","12","0","12","0","12","0","12"
"1500000US370630020241","Block Group 1, Census Tract 20.24, Durham County, North Carolina","0","12","0","12","0","12","0","12","0","12","0","12","0","12","0","12","0","12","0","12","0","12","0","12","0","12","0","12","0","12","0","12","0","12","0","12","0","12","0","12","0","12","0","12","0","12","0","12","0","12","0","12","0","12"
"1500000US370630020242","Block Group 2, Census Tract 20.24, Durham County, North Carolina","0","12","0","12","0","12","0","12","0","12","0","12","0","12","0","12","0","12","0","12","0","12","0","12","0","12","0","12","0","12","0","12","0","12","0","12","0","12","0","12","0","12","0","12","0","12","0","12","0","12","0","12","0","12"
"1500000US370630020243","Block Group 3, Census Tract 20.24, Durham County, North Carolina","0","12","0","12","0","12","0","12","0","12","0","12","0","12","0","12","0","12","0","12","0","12","0","12","0","12","0","12","0","12","0","12","0","12","0","12","0","12","0","12","0","12","0","12","0","12","0","12","0","12","0","12","0","12"
"1500000US370630020251","Block Group 1, Census Tract 20.25, Durham County, North Carolina","0","12","0","12","0","12","0","12","0","12","0","12","0","12","0","12","0","12","0","12","0","12","0","12","0","12","0","12","0","12","0","12","0","12","0","12","0","12","0","12","0","12","0","12","0","12","0","12","0","12","0","12","0","12"
"1500000US370630020252","Block Group 2, Census Tract 20.25, Durham County, North Carolina","0","12","0","12","0","12","0","12","0","12","0","12","0","12","0","12","0","12","0","12","0","12","0","12","0","12","0","12","0","12","0","12","0","12","0","12","0","12","0","12","0","12","0","12","0","12","0","12","0","12","0","12","0","12"
"1500000US370630020253","Block Group 3, Census Tract 20.25, Durham County, North Carolina","0","12","0","12","0","12","0","12","0","12","0","12","0","12","0","12","0","12","0","12","0","12","0","12","0","12","0","12","0","12","0","12","0","12","0","12","0","12","0","12","0","12","0","12","0","12","0","12","0","12","0","12","0","12"
"1500000US370630020261","Block Group 1, Census Tract 20.26, Durham County, North Carolina","0","12","0","12","0","12","0","12","0","12","0","12","0","12","0","12","0","12","0","12","0","12","0","12","0","12","0","12","0","12","0","12","0","12","0","12","0","12","0","12","0","12","0","12","0","12","0","12","0","12","0","12","0","12"
"1500000US370630020262","Block Group 2, Census Tract 20.26, Durham County, North Carolina","0","12","0","12","0","12","0","12","0","12","0","12","0","12","0","12","0","12","0","12","0","12","0","12","0","12","0","12","0","12","0","12","0","12","0","12","0","12","0","12","0","12","0","12","0","12","0","12","0","12","0","12","0","12"
"1500000US370630020271","Block Group 1, Census Tract 20.27, Durham County, North Carolina","0","12","0","12","0","12","0","12","0","12","0","12","0","12","0","12","0","12","0","12","0","12","0","12","0","12","0","12","0","12","0","12","0","12","0","12","0","12","0","12","0","12","0","12","0","12","0","12","0","12","0","12","0","12"
"1500000US370630020272","Block Group 2, Census Tract 20.27, Durham County, North Carolina","0","17","0","17","0","17","0","17","0","17","0","17","0","17","0","17","0","17","0","17","0","17","0","17","0","17","0","17","0","17","0","17","0","17","0","17","0","17","0","17","0","17","0","17","0","17","0","17","0","17","0","17","0","17"
"1500000US370630020273","Block Group 3, Census Tract 20.27, Durham County, North Carolina","0","12","0","12","0","12","0","12","0","12","0","12","0","12","0","12","0","12","0","12","0","12","0","12","0","12","0","12","0","12","0","12","0","12","0","12","0","12","0","12","0","12","0","12","0","12","0","12","0","12","0","12","0","12"
"1500000US370630020281","Block Group 1, Census Tract 20.28, Durham County, North Carolina","40","62","0","12","0","12","0","12","0","12","0","12","0","12","0","12","0","12","0","12","0","12","0","12","0","12","0","12","0","12","0","12","0","12","40","62","0","12","0","12","0","12","0","12","0","12","0","12","0","12","0","12","0","12"
"1500000US370630020282","Block Group 2, Census Tract 20.28, Durham County, North Carolina","0","12","0","12","0","12","0","12","0","12","0","12","0","12","0","12","0","12","0","12","0","12","0","12","0","12","0","12","0","12","0","12","0","12","0","12","0","12","0","12","0","12","0","12","0","12","0","12","0","12","0","12","0","12"
"1500000US370630020283","Block Group 3, Census Tract 20.28, Durham County, North Carolina","0","12","0","12","0","12","0","12","0","12","0","12","0","12","0","12","0","12","0","12","0","12","0","12","0","12","0","12","0","12","0","12","0","12","0","12","0","12","0","12","0","12","0","12","0","12","0","12","0","12","0","12","0","12"
"1500000US370630021001","Block Group 1, Census Tract 21, Durham County, North Carolina","40","60","0","12","0","12","0","12","0","12","0","12","0","12","0","12","0","12","0","12","0","12","0","12","0","12","0","12","0","12","0","12","0","12","0","12","0","12","40","60","0","12","0","12","0","12","0","12","0","12","0","12","0","12"
"1500000US370630021002","Block Group 2, Census Tract 21, Durham County, North Carolina","0","17","0","17","0","17","0","17","0","17","0","17","0","17","0","17","0","17","0","17","0","17","0","17","0","17","0","17","0","17","0","17","0","17","0","17","0","17","0","17","0","17","0","17","0","17","0","17","0","17","0","17","0","17"
"1500000US370630021003","Block Group 3, Census Tract 21, Durham County, North Carolina","0","12","0","12","0","12","0","12","0","12","0","12","0","12","0","12","0","12","0","12","0","12","0","12","0","12","0","12","0","12","0","12","0","12","0","12","0","12","0","12","0","12","0","12","0","12","0","12","0","12","0","12","0","12"
"1500000US370630022001","Block Group 1, Census Tract 22, Durham County, North Carolina","0","12","0","12","0","12","0","12","0","12","0","12","0","12","0","12","0","12","0","12","0","12","0","12","0","12","0","12","0","12","0","12","0","12","0","12","0","12","0","12","0","12","0","12","0","12","0","12","0","12","0","12","0","12"
"1500000US370630023001","Block Group 1, Census Tract 23, Durham County, North Carolina","12","18","0","12","0","12","0","12","0","12","0","12","0","12","0","12","0","12","0","12","0","12","0","12","0","12","0","12","0","12","0","12","0","12","12","18","0","12","0","12","0","12","0","12","0","12","0","12","0","12","0","12","0","12"
"1500000US370630023002","Block Group 2, Census Tract 23, Durham County, North Carolina","0","12","0","12","0","12","0","12","0","12","0","12","0","12","0","12","0","12","0","12","0","12","0","12","0","12","0","12","0","12","0","12","0","12","0","12","0","12","0","12","0","12","0","12","0","12","0","12","0","12","0","12","0","12"
"1500000US370639801001","Block Group 1, Census Tract 9801, Durham County, North Carolina","0","12","0","12","0","12","0","12","0","12","0","12","0","12","0","12","0","12","0","12","0","12","0","12","0","12","0","12","0","12","0","12","0","12","0","12","0","12","0","12","0","12","0","12","0","12","0","12","0","12","0","12","0","12"
